```sql
cqlsh> CREATE KEYSPACE exerciseone_keyspace
   ... WITH replication = {'class': 'SimpleStrategy', 'replication_factor': 1};
cqlsh> USE exerciseone_keyspace ;
cqlsh:exerciseone_keyspace> DESCRIBE KEYSPACE exerciseone_keyspace ;

CREATE KEYSPACE exerciseone_keyspace WITH replication = {'class': 'SimpleStrategy', 'replication_factor': '1'}  AND durable_writes = true;
cqlsh:exerciseone_keyspace> CREATE TABLE users (
                        ... username text PRIMARY KEY,
                        ... name text,
                        ... email text,
                        ... phone_numbers list<text>,
                        ... location frozen<tuple<text,text>>
                        ... );
cqlsh:exerciseone_keyspace> DESCRIBE TABLE users;

CREATE TABLE exerciseone_keyspace.users (
    username text PRIMARY KEY,
    email text,
    location frozen<tuple<text, text>>,
    name text,
    phone_numbers list<text>
) WITH additional_write_policy = '99p'
    AND bloom_filter_fp_chance = 0.01
    AND caching = {'keys': 'ALL', 'rows_per_partition': 'NONE'}
    AND cdc = false
    AND comment = ''
    AND compaction = {'class': 'org.apache.cassandra.db.compaction.SizeTieredCompactionStrategy', 'max_threshold': '32', 'min_threshold': '4'}
    AND compression = {'chunk_length_in_kb': '16', 'class': 'org.apache.cassandra.io.compress.LZ4Compressor'}
    AND memtable = 'default'
    AND crc_check_chance = 1.0
    AND default_time_to_live = 0
    AND extensions = {}
    AND gc_grace_seconds = 864000
    AND max_index_interval = 2048
    AND memtable_flush_period_in_ms = 0
    AND min_index_interval = 128
    AND read_repair = 'BLOCKING'
    AND speculative_retry = '99p';
cqlsh:exerciseone_keyspace> INSERT INTO users (username , name , email , phone_numbers , location)
                        ... VALUES ('jorgeCassandra', 'Jorge Domingues', 'jorge@example.com', ['+351', '987654321'], ('Aveiro', 'Portugal'));
cqlsh:exerciseone_keyspace> SELECT * FROM users ;

 username       | email             | location               | name            | phone_numbers
----------------+-------------------+------------------------+-----------------+-----------------------
 jorgeCassandra | jorge@example.com | ('Aveiro', 'Portugal') | Jorge Domingues | ['+351', '987654321']

(1 rows)
cqlsh:exerciseone_keyspace> UPDATE users SET email = 'jorgedomnigues@example.com'
                        ... WHERE username = 'jorgeCassandra'
                        ... ;
cqlsh:exerciseone_keyspace> SELECT * FROM users 
                        ... ;

 username       | email                      | location               | name            | phone_numbers
----------------+----------------------------+------------------------+-----------------+-----------------------
 jorgeCassandra | jorgedomnigues@example.com | ('Aveiro', 'Portugal') | Jorge Domingues | ['+351', '987654321']

(1 rows)
cqlsh:exerciseone_keyspace> DELETE FROM users WHERE username = 'jorgeCassandra';
cqlsh:exerciseone_keyspace> SELECT * FROM users 
                        ... ;

 username | email | location | name | phone_numbers
----------+-------+----------+------+---------------

(0 rows)
cqlsh:exerciseone_keyspace> INSERT INTO users (username , name , email , phone_numbers , location) VALUES ('jorgeCassandra', 'Jorge Domingues', 'jorge@example.com', ['+351', '987654321'], ('Aveiro', 'Portugal'));
cqlsh:exerciseone_keyspace> UPDATE users SET phone_numbers = phone_numbers + [' number'] WHERE username = 'jorgeCassandra';
cqlsh:exerciseone_keyspace> SELECT * FROM users ;

 username       | email             | location               | name            | phone_numbers
----------------+-------------------+------------------------+-----------------+----------------------------------
 jorgeCassandra | jorge@example.com | ('Aveiro', 'Portugal') | Jorge Domingues | ['+351', '987654321', ' number']

(1 rows)
cqlsh:exerciseone_keyspace> SELECT location FROM users WHERE username = 'jorgeCassandra';

 location
------------------------
 ('Aveiro', 'Portugal')

(1 rows)
cqlsh:exerciseone_keyspace> INSERT INTO users (username, name, email) VALUES ('anaCassandra', 'Ana Costa', 'ana@example.com') USING TIMESTAMP 1672531199000000;
cqlsh:exerciseone_keyspace> 
cqlsh:exerciseone_keyspace> DESCRIBE TABLES;

users

cqlsh:exerciseone_keyspace> SELECT * FROM users ;

 username       | email             | location               | name            | phone_numbers
----------------+-------------------+------------------------+-----------------+----------------------------------
 jorgeCassandra | jorge@example.com | ('Aveiro', 'Portugal') | Jorge Domingues | ['+351', '987654321', ' number']
   anaCassandra |   ana@example.com |                   null |       Ana Costa |                             null

(2 rows)                                                                                           ^
cqlsh:exerciseone_keyspace> INSERT INTO users (username , name , email , phone_numbers , location) VALUES ( 'joséCassandra', 'José Mourinho', 'mourinho@example.com', ['+351', '912345678', ' number'], ('Lisboa', 'Portugal'))  USING TTL 20;
cqlsh:exerciseone_keyspace> SELECT * FROM users ;

 username       | email                | location               | name            | phone_numbers
----------------+----------------------+------------------------+-----------------+----------------------------------
  joséCassandra | mourinho@example.com | ('Lisboa', 'Portugal') |   José Mourinho | ['+351', '912345678', ' number']
 jorgeCassandra |    jorge@example.com | ('Aveiro', 'Portugal') | Jorge Domingues | ['+351', '987654321', ' number']
   anaCassandra |      ana@example.com |                   null |       Ana Costa |                             null

(3 rows)
cqlsh:exerciseone_keyspace> SELECT * FROM users ;

 username       | email             | location               | name            | phone_numbers
----------------+-------------------+------------------------+-----------------+----------------------------------
 jorgeCassandra | jorge@example.com | ('Aveiro', 'Portugal') | Jorge Domingues | ['+351', '987654321', ' number']
   anaCassandra |   ana@example.com |                   null |       Ana Costa |                             null

(2 rows)
```

### 1. Criação, Descrição e Utilização de Keyspace

#### Criação do Keyspace
```sql
CREATE KEYSPACE exerciseone_keyspace
   ... WITH replication = {'class': 'SimpleStrategy', 'replication_factor': 1};
```

Aqui, usamos `SimpleStrategy` para replicação com um fator de replicação de 1, que é adequado para desenvolvimento e testes locais.

#### Utilizar o Keyspace
```sql
USE exerciseone_keyspace ;
```

#### Descrever o Keyspace
```sql
DESCRIBE KEYSPACE exerciseone_keyspace ;
```

### 2. Criação e Descrição de Tabelas

#### Criação de uma Tabela com Coleções e Tuplas
Vamos criar uma tabela `users` que inclui uma lista de números de telefone e uma tupla com informações de localização.

```sql
CREATE TABLE users (
   ... username text PRIMARY KEY,
   ... name text,
   ... email text,
   ... phone_numbers list<text>,
   ... location frozen<tuple<text,text>>
   ... );
```

#### Descrição da Tabela
Para ver a estrutura da tabela criada:
```sql
DESCRIBE TABLE users;
```

### 3. Operações CRUD (Escrita, Leitura, Edição, Remoção)

#### Escrita (Insert)
Inserir um novo utilizador na tabela `users`:

```sql
INSERT INTO users (username , name , email , phone_numbers , location)
   ... VALUES ('jorgeCassandra', 'Jorge Domingues', 'jorge@example.com', ['+351', '987654321'], ('Aveiro', 'Portugal'));
```

#### Leitura (Select)
Para consultar todos os dados da tabela `users`:

```sql
SELECT * FROM users;
```

#### Edição (Update)
Atualizar o email de um utilizador:

```sql
UPDATE users SET email = 'jorgedomnigues@example.com'
   ... WHERE username = 'jorgeCassandra'
   ... ;
```

#### Remoção (Delete)
Remover um utilizador específico:

```sql
DELETE FROM users WHERE username = 'jorgeCassandra'
```

### 4. Column Values - Uso de Tuplas e Coleções

Com base na tabela `users` criada acima, testaremos algumas operações:

- **Adicionar ou modificar uma coleção** (ex.: adicionar um número de telefone à lista `phone_numbers`):
    ```sql
    UPDATE users SET phone_numbers = phone_numbers + [' number'] WHERE username = 'jorgeCassandra';
    ```

- **Consultar um valor específico em uma tupla**:
    ```sql
    SELECT location FROM users WHERE username = 'jorgeCassandra';
    ```

### 5. Time-to-Live (TTL) e Timestamp

#### Inserir dados com TTL
Para definir um `TTL` (em segundos) para expiração automática do registro:

```sql
INSERT INTO users (username , name , email , phone_numbers , location) VALUES ( 'joséCassandra', 'José Mourinho', 'mourinho@example.com', ['+351', '912345678', ' number'], ('Lisboa', 'Portugal'))  USING TTL 20;
```

#### Atualizar dados com Timestamp
Podemos definir um timestamp específico (epoch em microssegundos) ao inserir ou atualizar dados:

```sql
INSERT INTO users (username, name, email) VALUES ('anaCassandra', 'Ana Costa', 'ana@example.com') USING TIMESTAMP 1672531199000000;
```

### 6. Visualizar Tabelas do Keyspace
Para listar as tabelas dentro do `example_keyspace`, basta usar:

```sql
DESCRIBE TABLES;
```