```bash
cqlsh:exercisetwo> CREATE KEYSPACE tennis 
               ... WITH replication = {'class': 'SimpleStrategy', 'replication_factor': 1};
cqlsh:exercisetwo> 
cqlsh:exercisetwo> USE tennis ;
```

# CREATE TABLE's
```sql
CREATE TABLE players (
    player_id UUID PRIMARY KEY,
    name TEXT,
    age INT,
    country TEXT,
    tournaments_won LIST<TEXT>,
    sponsors MAP<TEXT, TEXT>,
    favorite_surfaces SET<TEXT>
);

CREATE TABLE tournaments (
    tournament_id UUID PRIMARY KEY,
    name TEXT,
    surface TEXT,
    year INT,
    participants LIST<UUID>,
    matches_played INT
);

CREATE TABLE results (
    tournament_id UUID,
    match_date TIMESTAMP,
    result_id UUID,
    player1_id UUID,
    player2_id UUID,
    score TEXT,
    winner_id UUID,
    PRIMARY KEY (tournament_id, match_date, result_id)
) WITH CLUSTERING ORDER BY (match_date DESC);

CREATE TABLE rankings (
    year INT,
    player_id UUID,
    rank INT,
    points INT,
    PRIMARY KEY (year, rank)
) WITH CLUSTERING ORDER BY (rank ASC);


CREATE INDEX ON players (country);
CREATE INDEX ON tournaments (surface);


CREATE OR REPLACE FUNCTION total_tournaments_won(tournaments_won LIST<TEXT>)
RETURNS NULL ON NULL INPUT
RETURNS INT
LANGUAGE java
AS '
  if (tournaments_won == null) {
    return 0;
  }
  return tournaments_won.size();
';


CREATE OR REPLACE FUNCTION sum_points(state INT, points INT)
RETURNS NULL ON NULL INPUT
RETURNS INT
LANGUAGE java
AS '
  Integer newState = state; // Converte para Integer
  if (newState == null) {
    newState = 0; // Inicializa com 0 se for nulo
  }
  return newState + points;
';

CREATE OR REPLACE AGGREGATE total_points(INT)
SFUNC sum_points
STYPE INT
INITCOND 0;

CREATE TABLE players_by_country (
    country TEXT,
    player_id UUID,
    name TEXT,
    age INT,
    tournaments_won LIST<TEXT>,
    sponsors MAP<TEXT, TEXT>,
    favorite_surfaces SET<TEXT>,
    PRIMARY KEY (country, player_id)
);

CREATE TABLE tournaments_by_surface (
    surface TEXT,
    tournament_id UUID,
    name TEXT,
    year INT,
    participants LIST<UUID>,
    matches_played INT,
    PRIMARY KEY (surface, tournament_id)
);

CREATE TABLE rankings_by_player (
    player_id UUID,
    year INT,
    rank INT,
    points INT,
    PRIMARY KEY (player_id, year)
);

CREATE TABLE tournaments_by_participant (
    player_id UUID,
    tournament_id UUID,
    name TEXT,
    surface TEXT,
    year INT,
    matches_played INT,
    PRIMARY KEY (player_id, tournament_id)
);

```

# INSERT's
```sql
USE tennis;

-- INSERT's na tabela players
INSERT INTO players (player_id, name, age, country, tournaments_won, sponsors, favorite_surfaces)
VALUES (11111111-1111-1111-1111-111111111111, 'Roger Federer', 40, 'Switzerland', ['Wimbledon', 'Australian Open'], {'Nike': 'Shoes', 'Wilson': 'Rackets'}, {'Grass', 'Hard'});

INSERT INTO players (player_id, name, age, country, tournaments_won, sponsors, favorite_surfaces)
VALUES (22222222-2222-2222-2222-222222222222, 'Rafael Nadal', 36, 'Spain', ['French Open', 'US Open'], {'Babolat': 'Rackets', 'Nike': 'Shoes'}, {'Clay', 'Hard'});

INSERT INTO players (player_id, name, age, country, tournaments_won, sponsors, favorite_surfaces)
VALUES (33333333-3333-3333-3333-333333333333, 'Novak Djokovic', 35, 'Serbia', ['Wimbledon', 'US Open'], {'Lacoste': 'Clothing', 'Head': 'Rackets'}, {'Grass', 'Hard'});

INSERT INTO players (player_id, name, age, country, tournaments_won, sponsors, favorite_surfaces)
VALUES (44444444-4444-4444-4444-444444444444, 'Andy Murray', 35, 'UK', ['Wimbledon'], {'Adidas': 'Shoes', 'Head': 'Rackets'}, {'Grass', 'Hard'});

INSERT INTO players (player_id, name, age, country, tournaments_won, sponsors, favorite_surfaces)
VALUES (55555555-5555-5555-5555-555555555555, 'Carlos Alcaraz', 20, 'Spain', ['US Open'], {'Nike': 'Shoes', 'Babolat': 'Rackets'}, {'Hard', 'Clay'});

INSERT INTO players (player_id, name, age, country, tournaments_won, sponsors, favorite_surfaces)
VALUES (66666666-6666-6666-6666-666666666666, 'Daniil Medvedev', 27, 'Russia', ['US Open'], {'Lacoste': 'Clothing', 'Tecnifibre': 'Rackets'}, {'Hard'});

INSERT INTO players (player_id, name, age, country, tournaments_won, sponsors, favorite_surfaces)
VALUES (77777777-7777-7777-7777-777777777777, 'Stan Wawrinka', 38, 'Switzerland', ['French Open'], {'Yonex': 'Rackets', 'Asics': 'Shoes'}, {'Clay', 'Hard'});

INSERT INTO players (player_id, name, age, country, tournaments_won, sponsors, favorite_surfaces)
VALUES (88888888-8888-8888-8888-888888888888, 'Dominic Thiem', 30, 'Austria', ['US Open'], {'Adidas': 'Clothing', 'Babolat': 'Rackets'}, {'Clay', 'Hard'});

INSERT INTO players (player_id, name, age, country, tournaments_won, sponsors, favorite_surfaces)
VALUES (99999999-9999-9999-9999-999999999999, 'Alexander Zverev', 26, 'Germany', [], {'Adidas': 'Clothing', 'Head': 'Rackets'}, {'Hard', 'Clay'});

INSERT INTO players (player_id, name, age, country, tournaments_won, sponsors, favorite_surfaces)
VALUES (aaaaaaaa-aaaa-aaaa-aaaa-aaaaaaaaaaaa, 'Stefanos Tsitsipas', 25, 'Greece', [], {'Adidas': 'Clothing', 'Wilson': 'Rackets'}, {'Clay', 'Hard'});

INSERT INTO players (player_id, name, age, country, tournaments_won, sponsors, favorite_surfaces)
VALUES (bbbbbbbb-bbbb-bbbb-bbbb-bbbbbbbbbbbb, 'Nick Kyrgios', 28, 'Australia', [], {'Nike': 'Shoes', 'Yonex': 'Rackets'}, {'Grass', 'Hard'});

INSERT INTO players (player_id, name, age, country, tournaments_won, sponsors, favorite_surfaces)
VALUES (cccccccc-cccc-cccc-cccc-cccccccccccc, 'Jannik Sinner', 22, 'Italy', [], {'Nike': 'Clothing', 'Head': 'Rackets'}, {'Hard', 'Clay'});


-- INSERT's na tabela tournaments
INSERT INTO tournaments (tournament_id, name, surface, year, participants, matches_played)
VALUES (77777777-7777-7777-7777-777777777777, 'Wimbledon', 'Grass', 2023, [11111111-1111-1111-1111-111111111111, 22222222-2222-2222-2222-222222222222, 33333333-3333-3333-3333-333333333333], 127);

INSERT INTO tournaments (tournament_id, name, surface, year, participants, matches_played)
VALUES (88888888-8888-8888-8888-888888888888, 'French Open', 'Clay', 2023, [22222222-2222-2222-2222-222222222222, 44444444-4444-4444-4444-444444444444, 55555555-5555-5555-5555-555555555555], 128);

INSERT INTO tournaments (tournament_id, name, surface, year, participants, matches_played)
VALUES (99999999-9999-9999-9999-999999999999, 'US Open', 'Hard', 2023, [11111111-1111-1111-1111-111111111111, 55555555-5555-5555-5555-555555555555, 66666666-6666-6666-6666-666666666666], 130);

INSERT INTO tournaments (tournament_id, name, surface, year, participants, matches_played)
VALUES (aaaaaaaa-aaaa-aaaa-aaaa-aaaaaaaaaaaa, 'Australian Open', 'Hard', 2023, [11111111-1111-1111-1111-111111111111, 33333333-3333-3333-3333-333333333333, 44444444-4444-4444-4444-444444444444], 120);

INSERT INTO tournaments (tournament_id, name, surface, year, participants, matches_played)
VALUES (bbbbbbbb-bbbb-bbbb-bbbb-bbbbbbbbbbbb, 'Rome Masters', 'Clay', 2023, [22222222-2222-2222-2222-222222222222, 55555555-5555-5555-5555-555555555555, 66666666-6666-6666-6666-666666666666], 64);

INSERT INTO tournaments (tournament_id, name, surface, year, participants, matches_played)
VALUES (cccccccc-cccc-cccc-cccc-cccccccccccc, 'Shanghai Masters', 'Hard', 2023, [33333333-3333-3333-3333-333333333333, 44444444-4444-4444-4444-444444444444, 66666666-6666-6666-6666-666666666666], 56);

INSERT INTO tournaments (tournament_id, name, surface, year, participants, matches_played)
VALUES (dddddddd-dddd-dddd-dddd-dddddddddddd, 'Monte Carlo Masters', 'Clay', 2023, [22222222-2222-2222-2222-222222222222, 55555555-5555-5555-5555-555555555555, 88888888-8888-8888-8888-888888888888], 56);

INSERT INTO tournaments (tournament_id, name, surface, year, participants, matches_played)
VALUES (eeeeeeee-eeee-eeee-eeee-eeeeeeeeeeee, 'Madrid Open', 'Clay', 2023, [55555555-5555-5555-5555-555555555555, 66666666-6666-6666-6666-666666666666, 99999999-9999-9999-9999-999999999999], 48);

INSERT INTO tournaments (tournament_id, name, surface, year, participants, matches_played)
VALUES (ffffffff-ffff-ffff-ffff-ffffffffffff, 'Indian Wells', 'Hard', 2023, [33333333-3333-3333-3333-333333333333, 44444444-4444-4444-4444-444444444444, aaaaaaaa-aaaa-aaaa-aaaa-aaaaaaaaaaaa], 56);

INSERT INTO tournaments (tournament_id, name, surface, year, participants, matches_played)
VALUES (11111111-1111-1111-1111-111111111112, 'Miami Open', 'Hard', 2023, [77777777-7777-7777-7777-777777777777, cccccccc-cccc-cccc-cccc-cccccccccccc, bbbbbbbb-bbbb-bbbb-bbbb-bbbbbbbbbbbb], 64);

INSERT INTO tournaments (tournament_id, name, surface, year, participants, matches_played)
VALUES (22222222-2222-2222-2222-222222222222, 'Cincinnati Masters', 'Hard', 2023, [22222222-2222-2222-2222-222222222222, 99999999-9999-9999-9999-999999999999, 88888888-8888-8888-8888-888888888888], 48);

INSERT INTO tournaments (tournament_id, name, surface, year, participants, matches_played)
VALUES (33333333-3333-3333-3333-333333333334, 'Paris Masters', 'Indoor', 2023, [11111111-1111-1111-1111-111111111111, 22222222-2222-2222-2222-222222222222, 33333333-3333-3333-3333-333333333333], 56);


-- INSERT's na tabela results
INSERT INTO results (result_id, tournament_id, player1_id, player2_id, score, winner_id, match_date)
VALUES (dddddddd-dddd-dddd-dddd-dddddddddddd, 77777777-7777-7777-7777-777777777777, 11111111-1111-1111-1111-111111111111, 22222222-2222-2222-2222-222222222222, '6-3, 6-4', 11111111-1111-1111-1111-111111111111, toTimestamp(now()));

INSERT INTO results (result_id, tournament_id, player1_id, player2_id, score, winner_id, match_date)
VALUES (eeeeeeee-eeee-eeee-eeee-eeeeeeeeeeee, 88888888-8888-8888-8888-888888888888, 22222222-2222-2222-2222-222222222222, 55555555-5555-5555-5555-555555555555, '7-6, 6-2', 22222222-2222-2222-2222-222222222222, toTimestamp(now()));

INSERT INTO results (result_id, tournament_id, player1_id, player2_id, score, winner_id, match_date)
VALUES (ffffffff-ffff-ffff-ffff-ffffffffffff, 99999999-9999-9999-9999-999999999999, 55555555-5555-5555-5555-555555555555, 66666666-6666-6666-6666-666666666666, '6-4, 4-6, 7-5', 55555555-5555-5555-5555-555555555555, toTimestamp(now()));

INSERT INTO results (result_id, tournament_id, player1_id, player2_id, score, winner_id, match_date)
VALUES (11111111-2222-3333-4444-555555555555, aaaaaaaa-aaaa-aaaa-aaaa-aaaaaaaaaaaa, 33333333-3333-3333-3333-333333333333, 44444444-4444-4444-4444-444444444444, '3-6, 6-3, 6-4', 33333333-3333-3333-3333-333333333333, toTimestamp(now()));

INSERT INTO results (result_id, tournament_id, player1_id, player2_id, score, winner_id, match_date)
VALUES (66666666-6666-7777-8888-999999999999, bbbbbbbb-bbbb-bbbb-bbbb-bbbbbbbbbbbb, 22222222-2222-2222-2222-222222222222, 55555555-5555-5555-5555-555555555555, '6-0, 6-0', 22222222-2222-2222-2222-222222222222, toTimestamp(now()));

INSERT INTO results (result_id, tournament_id, player1_id, player2_id, score, winner_id, match_date)
VALUES (77777777-8888-9999-aaaa-bbbbbbbbbbbb, cccccccc-cccc-cccc-cccc-cccccccccccc, 33333333-3333-3333-3333-333333333333, 66666666-6666-6666-6666-666666666666, '7-5, 7-6', 33333333-3333-3333-3333-333333333333, toTimestamp(now()));

INSERT INTO results (result_id, tournament_id, player1_id, player2_id, score, winner_id, match_date)
VALUES (55555555-5555-5555-5555-555555555555, ffffffff-ffff-ffff-ffff-ffffffffffff, 33333333-3333-3333-3333-333333333333, 44444444-4444-4444-4444-444444444444, '6-3, 7-5', 33333333-3333-3333-3333-333333333333, toTimestamp(now()));

INSERT INTO results (result_id, tournament_id, player1_id, player2_id, score, winner_id, match_date)
VALUES (99999999-9999-9999-9999-999999999999, dddddddd-dddd-dddd-dddd-dddddddddddd, 55555555-5555-5555-5555-555555555555, 88888888-8888-8888-8888-888888888888, '6-4, 4-6, 6-3', 55555555-5555-5555-5555-555555555555, toTimestamp(now()));

INSERT INTO results (result_id, tournament_id, player1_id, player2_id, score, winner_id, match_date)
VALUES (aaaaaaaa-aaaa-aaaa-aaaa-aaaaaaaaaaaa, eeeeeeee-eeee-eeee-eeee-eeeeeeeeeeee, 77777777-7777-7777-7777-777777777777, cccccccc-cccc-cccc-cccc-cccccccccccc, '6-4, 6-2', 77777777-7777-7777-7777-777777777777, toTimestamp(now()));

INSERT INTO results (result_id, tournament_id, player1_id, player2_id, score, winner_id, match_date)
VALUES (bbbbbbbb-bbbb-bbbb-bbbb-bbbbbbbbbbbb, 11111111-1111-1111-1111-111111111112, bbbbbbbb-bbbb-bbbb-bbbb-bbbbbbbbbbbb, aaaaaaaa-aaaa-aaaa-aaaa-aaaaaaaaaaaa, '7-6, 6-4', bbbbbbbb-bbbb-bbbb-bbbb-bbbbbbbbbbbb, toTimestamp(now()));

INSERT INTO results (result_id, tournament_id, player1_id, player2_id, score, winner_id, match_date)
VALUES (cccccccc-cccc-cccc-cccc-cccccccccccc, 22222222-2222-2222-2222-222222222222, 33333333-3333-3333-3333-333333333333, 55555555-5555-5555-5555-555555555555, '6-3, 7-6', 55555555-5555-5555-5555-555555555555, toTimestamp(now()));


-- INSERT's na tabela rankings
INSERT INTO rankings (year, player_id, rank, points)
VALUES (2023, 11111111-1111-1111-1111-111111111111, 1, 12000);

INSERT INTO rankings (year, player_id, rank, points)
VALUES (2023, 22222222-2222-2222-2222-222222222222, 2, 11000);

INSERT INTO rankings (year, player_id, rank, points)
VALUES (2023, 33333333-3333-3333-3333-333333333333, 3, 9800);

INSERT INTO rankings (year, player_id, rank, points)
VALUES (2023, 44444444-4444-4444-4444-444444444444, 4, 9000);

INSERT INTO rankings (year, player_id, rank, points)
VALUES (2023, 55555555-5555-5555-5555-555555555555, 5, 8500);

INSERT INTO rankings (year, player_id, rank, points)
VALUES (2023, 66666666-6666-6666-6666-666666666666, 6, 8000);

INSERT INTO rankings (year, player_id, rank, points)
VALUES (2023, 77777777-7777-7777-7777-777777777777, 7, 7500);

INSERT INTO rankings (year, player_id, rank, points)
VALUES (2023, 88888888-8888-8888-8888-888888888888, 8, 7200);

INSERT INTO rankings (year, player_id, rank, points)
VALUES (2023, 99999999-9999-9999-9999-999999999999, 9, 6900);

INSERT INTO rankings (year, player_id, rank, points)
VALUES (2023, aaaaaaaa-aaaa-aaaa-aaaa-aaaaaaaaaaaa, 10, 6700);

INSERT INTO rankings (year, player_id, rank, points)
VALUES (2023, bbbbbbbb-bbbb-bbbb-bbbb-bbbbbbbbbbbb, 11, 6500);

INSERT INTO rankings (year, player_id, rank, points)
VALUES (2023, cccccccc-cccc-cccc-cccc-cccccccccccc, 12, 6300);

INSERT INTO rankings (year, player_id, rank, points)
VALUES (2022, 11111111-1111-1111-1111-111111111111, 2, 11500);

INSERT INTO rankings (year, player_id, rank, points)
VALUES (2022, 22222222-2222-2222-2222-222222222222, 1, 11800);

INSERT INTO rankings (year, player_id, rank, points)
VALUES (2022, 33333333-3333-3333-3333-333333333333, 3, 10000);

INSERT INTO rankings (year, player_id, rank, points)
VALUES (2022, 44444444-4444-4444-4444-444444444444, 4, 9500);

INSERT INTO rankings (year, player_id, rank, points)
VALUES (2022, 55555555-5555-5555-5555-555555555555, 5, 8900);

INSERT INTO rankings (year, player_id, rank, points)
VALUES (2022, 66666666-6666-6666-6666-666666666666, 6, 8500);


-- INSERT's nas tabelas players_by_country, tournaments_by_surface, rankings_by_player e tournaments_by_participant
INSERT INTO players_by_country (country, player_id, name, age, tournaments_won, sponsors, favorite_surfaces)
VALUES ('Switzerland', 11111111-1111-1111-1111-111111111111, 'Roger Federer', 40, ['Wimbledon', 'Australian Open'], {'Nike': 'Shoes', 'Wilson': 'Rackets'}, {'Grass', 'Hard'});

INSERT INTO players_by_country (country, player_id, name, age, tournaments_won, sponsors, favorite_surfaces)
VALUES ('Spain', 22222222-2222-2222-2222-222222222222, 'Rafael Nadal', 36, ['French Open', 'US Open'], {'Babolat': 'Rackets', 'Nike': 'Shoes'}, {'Clay', 'Hard'});

INSERT INTO players_by_country (country, player_id, name, age, tournaments_won, sponsors, favorite_surfaces)
VALUES ('Serbia', 33333333-3333-3333-3333-333333333333, 'Novak Djokovic', 35, ['Wimbledon', 'US Open'], {'Lacoste': 'Clothing', 'Head': 'Rackets'}, {'Grass', 'Hard'});

INSERT INTO players_by_country (country, player_id, name, age, tournaments_won, sponsors, favorite_surfaces)
VALUES ('UK', 44444444-4444-4444-4444-444444444444, 'Andy Murray', 35, ['Wimbledon'], {'Adidas': 'Shoes', 'Head': 'Rackets'}, {'Grass', 'Hard'});

INSERT INTO players_by_country (country, player_id, name, age, tournaments_won, sponsors, favorite_surfaces)
VALUES ('Spain', 55555555-5555-5555-5555-555555555555, 'Carlos Alcaraz', 20, ['US Open'], {'Nike': 'Shoes', 'Babolat': 'Rackets'}, {'Hard', 'Clay'});

INSERT INTO players_by_country (country, player_id, name, age, tournaments_won, sponsors, favorite_surfaces)
VALUES ('Russia', 66666666-6666-6666-6666-666666666666, 'Daniil Medvedev', 27, ['US Open'], {'Lacoste': 'Clothing', 'Tecnifibre': 'Rackets'}, {'Hard'});

INSERT INTO players_by_country (country, player_id, name, age, tournaments_won, sponsors, favorite_surfaces)
VALUES ('Switzerland', 77777777-7777-7777-7777-777777777777, 'Stan Wawrinka', 38, ['French Open'], {'Yonex': 'Rackets', 'Asics': 'Shoes'}, {'Clay', 'Hard'});

INSERT INTO players_by_country (country, player_id, name, age, tournaments_won, sponsors, favorite_surfaces)
VALUES ('Austria', 88888888-8888-8888-8888-888888888888, 'Dominic Thiem', 30, ['US Open'], {'Adidas': 'Clothing', 'Babolat': 'Rackets'}, {'Clay', 'Hard'});

INSERT INTO players_by_country (country, player_id, name, age, tournaments_won, sponsors, favorite_surfaces)
VALUES ('Germany', 99999999-9999-9999-9999-999999999999, 'Alexander Zverev', 26, [], {'Adidas': 'Clothing', 'Head': 'Rackets'}, {'Hard', 'Clay'});

INSERT INTO players_by_country (country, player_id, name, age, tournaments_won, sponsors, favorite_surfaces)
VALUES ('Greece', aaaaaaaa-aaaa-aaaa-aaaa-aaaaaaaaaaaa, 'Stefanos Tsitsipas', 25, [], {'Adidas': 'Clothing', 'Wilson': 'Rackets'}, {'Clay', 'Hard'});

INSERT INTO players_by_country (country, player_id, name, age, tournaments_won, sponsors, favorite_surfaces)
VALUES ('Australia', bbbbbbbb-bbbb-bbbb-bbbb-bbbbbbbbbbbb, 'Nick Kyrgios', 28, [], {'Nike': 'Shoes', 'Yonex': 'Rackets'}, {'Grass', 'Hard'});

INSERT INTO players_by_country (country, player_id, name, age, tournaments_won, sponsors, favorite_surfaces)
VALUES ('Italy', cccccccc-cccc-cccc-cccc-cccccccccccc, 'Jannik Sinner', 22, [], {'Nike': 'Clothing', 'Head': 'Rackets'}, {'Hard', 'Clay'});



INSERT INTO tournaments_by_surface (surface, tournament_id, name, year, participants, matches_played)
VALUES ('Grass', 77777777-7777-7777-7777-777777777777, 'Wimbledon', 2023, [11111111-1111-1111-1111-111111111111, 22222222-2222-2222-2222-222222222222, 33333333-3333-3333-3333-333333333333], 127);

INSERT INTO tournaments_by_surface (surface, tournament_id, name, year, participants, matches_played)
VALUES ('Clay', 88888888-8888-8888-8888-888888888888, 'French Open', 2023, [22222222-2222-2222-2222-222222222222, 44444444-4444-4444-4444-444444444444, 55555555-5555-5555-5555-555555555555], 128);

INSERT INTO tournaments_by_surface (surface, tournament_id, name, year, participants, matches_played)
VALUES ('Hard', 99999999-9999-9999-9999-999999999999, 'US Open', 2023, [11111111-1111-1111-1111-111111111111, 55555555-5555-5555-5555-555555555555, 66666666-6666-6666-6666-666666666666], 130);

INSERT INTO tournaments_by_surface (surface, tournament_id, name, year, participants, matches_played)
VALUES ('Hard', aaaaaaaa-aaaa-aaaa-aaaa-aaaaaaaaaaaa, 'Australian Open', 2023, [11111111-1111-1111-1111-111111111111, 33333333-3333-3333-3333-333333333333, 44444444-4444-4444-4444-444444444444], 120);

INSERT INTO tournaments_by_surface (surface, tournament_id, name, year, participants, matches_played)
VALUES ('Clay', bbbbbbbb-bbbb-bbbb-bbbb-bbbbbbbbbbbb, 'Rome Masters', 2023, [22222222-2222-2222-2222-222222222222, 55555555-5555-5555-5555-555555555555, 66666666-6666-6666-6666-666666666666], 64);

INSERT INTO tournaments_by_surface (surface, tournament_id, name, year, participants, matches_played)
VALUES ('Hard', cccccccc-cccc-cccc-cccc-cccccccccccc, 'Shanghai Masters', 2023, [33333333-3333-3333-3333-333333333333, 44444444-4444-4444-4444-444444444444, 66666666-6666-6666-6666-666666666666], 56);

INSERT INTO tournaments_by_surface (surface, tournament_id, name, year, participants, matches_played)
VALUES ('Clay', dddddddd-dddd-dddd-dddd-dddddddddddd, 'Monte Carlo Masters', 2023, [22222222-2222-2222-2222-222222222222, 55555555-5555-5555-5555-555555555555, 88888888-8888-8888-8888-888888888888], 56);

INSERT INTO tournaments_by_surface (surface, tournament_id, name, year, participants, matches_played)
VALUES ('Clay', eeeeeeee-eeee-eeee-eeee-eeeeeeeeeeee, 'Madrid Open', 2023, [55555555-5555-5555-5555-555555555555, 66666666-6666-6666-6666-666666666666, 99999999-9999-9999-9999-999999999999], 48);

INSERT INTO tournaments_by_surface (surface, tournament_id, name, year, participants, matches_played)
VALUES ('Hard', ffffffff-ffff-ffff-ffff-ffffffffffff, 'Indian Wells', 2023, [33333333-3333-3333-3333-333333333333, 44444444-4444-4444-4444-444444444444, aaaaaaaa-aaaa-aaaa-aaaa-aaaaaaaaaaaa], 56);

INSERT INTO tournaments_by_surface (surface, tournament_id, name, year, participants, matches_played)
VALUES ('Hard', 11111111-1111-1111-1111-111111111112, 'Miami Open', 2023, [77777777-7777-7777-7777-777777777777, cccccccc-cccc-cccc-cccc-cccccccccccc, bbbbbbbb-bbbb-bbbb-bbbb-bbbbbbbbbbbb], 64);

INSERT INTO tournaments_by_surface (surface, tournament_id, name, year, participants, matches_played)
VALUES ('Hard', 22222222-2222-2222-2222-222222222222, 'Cincinnati Masters', 2023, [22222222-2222-2222-2222-222222222222, 99999999-9999-9999-9999-999999999999, 88888888-8888-8888-8888-888888888888], 48);

INSERT INTO tournaments_by_surface (surface, tournament_id, name, year, participants, matches_played)
VALUES ('Indoor', 33333333-3333-3333-3333-333333333334, 'Paris Masters', 2023, [11111111-1111-1111-1111-111111111111, 22222222-2222-2222-2222-222222222222, 33333333-3333-3333-3333-333333333333], 56);



INSERT INTO rankings_by_player (player_id, year, rank, points)
VALUES (11111111-1111-1111-1111-111111111111, 2023, 1, 12000);

INSERT INTO rankings_by_player (player_id, year, rank, points)
VALUES (22222222-2222-2222-2222-222222222222, 2023, 2, 11000);

INSERT INTO rankings_by_player (player_id, year, rank, points)
VALUES (33333333-3333-3333-3333-333333333333, 2023, 3, 9800);

INSERT INTO rankings_by_player (player_id, year, rank, points)
VALUES (44444444-4444-4444-4444-444444444444, 2023, 4, 9000);

INSERT INTO rankings_by_player (player_id, year, rank, points)
VALUES (55555555-5555-5555-5555-555555555555, 2023, 5, 8500);

INSERT INTO rankings_by_player (player_id, year, rank, points)
VALUES (66666666-6666-6666-6666-666666666666, 2023, 6, 8000);

INSERT INTO rankings_by_player (player_id, year, rank, points)
VALUES (77777777-7777-7777-7777-777777777777, 2023, 7, 7500);

INSERT INTO rankings_by_player (player_id, year, rank, points)
VALUES (88888888-8888-8888-8888-888888888888, 2023, 8, 7200);

INSERT INTO rankings_by_player (player_id, year, rank, points)
VALUES (99999999-9999-9999-9999-999999999999, 2023, 9, 6900);

INSERT INTO rankings_by_player (player_id, year, rank, points)
VALUES (aaaaaaaa-aaaa-aaaa-aaaa-aaaaaaaaaaaa, 2023, 10, 6700);

INSERT INTO rankings_by_player (player_id, year, rank, points)
VALUES (bbbbbbbb-bbbb-bbbb-bbbb-bbbbbbbbbbbb, 2023, 11, 6500);

INSERT INTO rankings_by_player (player_id, year, rank, points)
VALUES (cccccccc-cccc-cccc-cccc-cccccccccccc, 2023, 12, 6300);



INSERT INTO tournaments_by_participant (player_id, tournament_id, name, surface, year, matches_played)
VALUES (11111111-1111-1111-1111-111111111111, 77777777-7777-7777-7777-777777777777, 'Wimbledon', 'Grass', 2023, 127);

INSERT INTO tournaments_by_participant (player_id, tournament_id, name, surface, year, matches_played)
VALUES (22222222-2222-2222-2222-222222222222, 88888888-8888-8888-8888-888888888888, 'French Open', 'Clay', 2023, 128);

INSERT INTO tournaments_by_participant (player_id, tournament_id, name, surface, year, matches_played)
VALUES (33333333-3333-3333-3333-333333333333, cccccccc-cccc-cccc-cccc-cccccccccccc, 'Shanghai Masters', 'Hard', 2023, 56);

INSERT INTO tournaments_by_participant (player_id, tournament_id, name, surface, year, matches_played)
VALUES (44444444-4444-4444-4444-444444444444, aaaaaaaa-aaaa-aaaa-aaaa-aaaaaaaaaaaa, 'Australian Open', 'Hard', 2023, 120);

INSERT INTO tournaments_by_participant (player_id, tournament_id, name, surface, year, matches_played)
VALUES (55555555-5555-5555-5555-555555555555, 99999999-9999-9999-9999-999999999999, 'US Open', 'Hard', 2023, 130);

INSERT INTO tournaments_by_participant (player_id, tournament_id, name, surface, year, matches_played)
VALUES (66666666-6666-6666-6666-666666666666, bbbbbbbb-bbbb-bbbb-bbbb-bbbbbbbbbbbb, 'Rome Masters', 'Clay', 2023, 64);

INSERT INTO tournaments_by_participant (player_id, tournament_id, name, surface, year, matches_played)
VALUES (77777777-7777-7777-7777-777777777777, 11111111-1111-1111-1111-111111111112, 'Miami Open', 'Hard', 2023, 64);

INSERT INTO tournaments_by_participant (player_id, tournament_id, name, surface, year, matches_played)
VALUES (88888888-8888-8888-8888-888888888888, dddddddd-dddd-dddd-dddd-dddddddddddd, 'Monte Carlo Masters', 'Clay', 2023, 56);

INSERT INTO tournaments_by_participant (player_id, tournament_id, name, surface, year, matches_played)
VALUES (99999999-9999-9999-9999-999999999999, eeeeeeee-eeee-eeee-eeee-eeeeeeeeeeee, 'Madrid Open', 'Clay', 2023, 48);

INSERT INTO tournaments_by_participant (player_id, tournament_id, name, surface, year, matches_played)
VALUES (aaaaaaaa-aaaa-aaaa-aaaa-aaaaaaaaaaaa, ffffffff-ffff-ffff-ffff-ffffffffffff, 'Indian Wells', 'Hard', 2023, 56);

INSERT INTO tournaments_by_participant (player_id, tournament_id, name, surface, year, matches_played)
VALUES (bbbbbbbb-bbbb-bbbb-bbbb-bbbbbbbbbbbb, 33333333-3333-3333-3333-333333333334, 'Paris Masters', 'Indoor', 2023, 56);

INSERT INTO tournaments_by_participant (player_id, tournament_id, name, surface, year, matches_played)
VALUES (cccccccc-cccc-cccc-cccc-cccccccccccc, 22222222-2222-2222-2222-222222222222, 'Cincinnati Masters', 'Hard', 2023, 48);


```

# UPDATE's
```sql
-- Adicionar um novo torneio vencido a Roger Federer
UPDATE players
SET tournaments_won = tournaments_won + ['Shanghai Masters']
WHERE player_id = 11111111-1111-1111-1111-111111111111;

-- Atualizar a idade de Rafael Nadal
UPDATE players
SET age = 37
WHERE player_id = 22222222-2222-2222-2222-222222222222;

-- Atualizar o patrocinador de Novak Djokovic
UPDATE players
SET sponsors['Head'] = 'Advanced Rackets'
WHERE player_id = 33333333-3333-3333-3333-333333333333;

-- Atualizar o número de partidas jogadas no torneio Wimbledon
UPDATE tournaments
SET matches_played = 128
WHERE tournament_id = 77777777-7777-7777-7777-777777777777;

-- Adicionar uma nova superfície favorita a Andy Murray
UPDATE players
SET favorite_surfaces = favorite_surfaces + {'Indoor'}
WHERE player_id = 44444444-4444-4444-4444-444444444444;
```

# DELETE's
```sql
-- Remover o torneio 'US Open' da lista de torneios vencidos por Rafael Nadal
UPDATE players
SET tournaments_won = tournaments_won - ['US Open']
WHERE player_id = 22222222-2222-2222-2222-222222222222;

-- Remover o patrocinador 'Nike' de Carlos Alcaraz
DELETE sponsors['Nike']
FROM players
WHERE player_id = 55555555-5555-5555-5555-555555555555;

-- Remover um participante do torneio Rome Masters
UPDATE tournaments
SET participants = participants - [66666666-6666-6666-6666-666666666666]
WHERE tournament_id = bbbbbbbb-bbbb-bbbb-bbbb-bbbbbbbbbbbb;

-- Remover uma superfície favorita de Daniil Medvedev
UPDATE players
SET favorite_surfaces = favorite_surfaces - {'Hard'}
WHERE player_id = 66666666-6666-6666-6666-666666666666;

-- Eliminar um registro específico de resultados
DELETE FROM results
WHERE tournament_id = 77777777-7777-7777-7777-777777777777
AND match_date = toTimestamp(now())
AND result_id = dddddddd-dddd-dddd-dddd-dddddddddddd;
```

# Queries

### 1. Selecionar todos os jogadores da Suíça:
```sql
SELECT * FROM players_by_country
WHERE country = 'Switzerland';
```

```bash
 country     | player_id                            | age | favorite_surfaces | name          | sponsors                               | tournaments_won
-------------+--------------------------------------+-----+-------------------+---------------+----------------------------------------+----------------------------------
 Switzerland | 11111111-1111-1111-1111-111111111111 |  40 | {'Grass', 'Hard'} | Roger Federer | {'Nike': 'Shoes', 'Wilson': 'Rackets'} | ['Wimbledon', 'Australian Open']
 Switzerland | 77777777-7777-7777-7777-777777777777 |  38 |  {'Clay', 'Hard'} | Stan Wawrinka | {'Asics': 'Shoes', 'Yonex': 'Rackets'} |                  ['French Open']

(2 rows)

```

### 2. Selecionar todos os torneios jogados em superfície de relva:
```sql
SELECT * FROM tournaments_by_surface
WHERE surface = 'Grass';
```

```bash
 surface | tournament_id                        | matches_played | name      | participants                                                                                                       | year
---------+--------------------------------------+----------------+-----------+--------------------------------------------------------------------------------------------------------------------+------
   Grass | 77777777-7777-7777-7777-777777777777 |            127 | Wimbledon | [11111111-1111-1111-1111-111111111111, 22222222-2222-2222-2222-222222222222, 33333333-3333-3333-3333-333333333333] | 2023

(1 rows)
```

### 3. Listar os torneios nos quais Rafael Nadal participou:
```sql
SELECT * FROM tournaments_by_participant
WHERE player_id = 22222222-2222-2222-2222-222222222222;
```

```bash
 player_id                            | tournament_id                        | matches_played | name        | surface | year
--------------------------------------+--------------------------------------+----------------+-------------+---------+------
 22222222-2222-2222-2222-222222222222 | 88888888-8888-8888-8888-888888888888 |            128 | French Open |    Clay | 2023

(1 rows)
```

### 4. Listar os rankings de Novak Djokovic ao longo dos anos:
```sql
SELECT * FROM rankings_by_player
WHERE player_id = 33333333-3333-3333-3333-333333333333;
```

```bash
 player_id                            | year | points | rank
--------------------------------------+------+--------+------
 33333333-3333-3333-3333-333333333333 | 2023 |   9800 |    3

(1 rows)
```

### 5. Calcular o total de torneios vencidos por Roger Federer (utilizar a UDF):
```sql
SELECT name, total_tournaments_won(tournaments_won) AS total_won
FROM players
WHERE player_id = 11111111-1111-1111-1111-111111111111;
```

```bash
 name          | total_won
---------------+-----------
 Roger Federer |         3

(1 rows)
```

### 6. Obter a soma total de pontos no ranking de 2023 (utilizar a UDA):
```sql
SELECT total_points(points) AS total_points_2023
FROM rankings
WHERE year = 2023;
```

```bash
 total_points_2023
-------------------
             99400

(1 rows)
```

### 7. Obter os torneios vencidos por um jogador específico:
```sql
SELECT tournaments_won
FROM players
WHERE player_id = 11111111-1111-1111-1111-111111111111;
```

```bash
 tournaments_won
------------------------------------------------------
 ['Wimbledon', 'Australian Open', 'Shanghai Masters']

(1 rows)
```

### 8. Calcular o total de pontos de um jogador específico no ranking:
```sql
SELECT total_points(points) AS total_player_points
FROM rankings_by_player
WHERE player_id = 33333333-3333-3333-3333-333333333333;
```

```bash
 total_player_points
---------------------
                9800

(1 rows)
```

### 9. Listar os participantes de um torneio específico:
```sql
SELECT participants
FROM tournaments
WHERE tournament_id = 77777777-7777-7777-7777-777777777777;
```

```bash
 participants
--------------------------------------------------------------------------------------------------------------------
 [11111111-1111-1111-1111-111111111111, 22222222-2222-2222-2222-222222222222, 33333333-3333-3333-3333-333333333333]

(1 rows)
```

### 10. Listar todas as partidas jogadas em Wimbledon, ordenadas por data:
```sql
SELECT match_date, player1_id, player2_id, score, winner_id
FROM results
WHERE tournament_id = 77777777-7777-7777-7777-777777777777
ORDER BY match_date DESC;
```

```bash
 match_date                      | player1_id                           | player2_id                           | score    | winner_id
---------------------------------+--------------------------------------+--------------------------------------+----------+--------------------------------------
 2024-11-24 22:06:34.367000+0000 | 11111111-1111-1111-1111-111111111111 | 22222222-2222-2222-2222-222222222222 | 6-3, 6-4 | 11111111-1111-1111-1111-111111111111

(1 rows)
```
